{"rmse": 0.8207942551703383, "r2": 0.23312407189043283}