{"rmse": 0.8254961238335938, "r2": 0.22873107099858925}